destination,month,avg_sentiment,negative_share,n_reviews,visitors,visitor_growth,negative_share_norm,visitor_growth_norm,pressure_score,is_forecast
BOH Tea Centre (Sungei Palas Garden),2026-03,0.6445500000000001,0.1666666666666666,6.0,6.0,0.0,0.2777777777777778,0.0,13.88888888888889,False
BOH Tea Centre (Sungei Palas Garden),2026-04,0.511074074074074,0.1666666666666666,54.0,52.0,7.666666666666666,0.2777777777777778,0.132183908045977,20.49808429118774,False
BOH Tea Centre (Sungei Palas Garden),2026-05,0.4340591836734693,0.1224489795918367,49.0,49.0,-0.0576923076923077,0.2040816326530612,0.0,10.20408163265306,False
BOH Tea Centre (Sungei Palas Garden),2026-06,0.5245770833333333,0.0833333333333333,48.0,46.0,-0.0612244897959183,0.1388888888888889,0.0,6.944444444444445,False
BOH Tea Centre (Sungei Palas Garden),2026-07,0.4132363636363637,0.1363636363636363,66.0,65.0,0.4130434782608696,0.2272727272727272,0.0071214392803598,11.719708327654354,False
BOH Tea Centre (Sungei Palas Garden),2026-08,0.5075139534883721,0.0465116279069767,43.0,41.0,-0.3692307692307692,0.0775193798449612,0.0,3.875968992248062,False
BOH Tea Centre (Sungei Palas Garden),2026-09,0.636,0.0,9.0,9.0,-0.7804878048780488,0.0,0.0,0.0,False
Genting SkyWorlds Theme Park,2026-05,0.6318115384615385,0.1153846153846153,26.0,24.0,0.0,0.1923076923076923,0.0,9.615384615384617,False
Genting SkyWorlds Theme Park,2026-06,0.621468918918919,0.1081081081081081,74.0,71.0,1.9583333333333333,0.1801801801801802,0.0337643678160919,10.697227399813608,False
Genting SkyWorlds Theme Park,2026-07,0.5053487804878048,0.048780487804878,41.0,40.0,-0.4366197183098591,0.0813008130081301,0.0,4.065040650406504,False
Genting SkyWorlds Theme Park,2026-08,0.4913473684210526,0.0789473684210526,38.0,37.0,-0.0749999999999999,0.131578947368421,0.0,6.578947368421052,False
Jonker Street Night Market,2026-06,0.4290083333333334,0.0,12.0,12.0,0.0,0.0,0.0,0.0,False
Jonker Street Night Market,2026-07,0.3826311688311688,0.0779220779220779,77.0,74.0,5.166666666666667,0.1298701298701298,0.0890804597701149,10.94752948201224,False
Jonker Street Night Market,2026-08,0.3937159574468085,0.1276595744680851,94.0,91.0,0.2297297297297298,0.2127659574468085,0.0039608574091332,10.83634074279709,False
Jonker Street Night Market,2026-09,0.398375,0.125,8.0,8.0,-0.912087912087912,0.2083333333333333,0.0,10.416666666666668,False
Kellie's Castle,2026-06,0.4404,0.0,1.0,1.0,0.0,0.0,0.0,0.0,False
Kellie's Castle,2026-07,0.6504934426229508,0.0327868852459016,61.0,59.0,58.0,0.0546448087431694,1.0,52.73224043715848,False
Kellie's Castle,2026-08,0.4851394736842105,0.0657894736842105,152.0,148.0,1.5084745762711864,0.1096491228070175,0.0260081823495032,6.782865257826037,False
Kellie's Castle,2026-09,0.5233652173913044,0.0,23.0,23.0,-0.8445945945945946,0.0,0.0,0.0,False
Langkawi Skybridge Cable Car,2026-06,0.3145666666666666,0.1666666666666666,6.0,6.0,0.0,0.2777777777777778,0.0,13.88888888888889,False
Langkawi Skybridge Cable Car,2026-07,0.2941743902439024,0.1585365853658536,82.0,80.0,12.333333333333334,0.2642276422764227,0.2126436781609195,23.843566021867115,False
Langkawi Skybridge Cable Car,2026-08,0.4198214285714286,0.1607142857142857,112.0,109.0,0.3625,0.2678571428571429,0.00625,13.705357142857144,False
Langkawi Skybridge Cable Car,2026-09,0.5743222222222222,0.0,9.0,9.0,-0.9174311926605504,0.0,0.0,0.0,False
Mount Kinabalu,2023-10,0.8687,0.0,1.0,1.0,0.0,0.0,0.0,0.0,False
Mount Kinabalu,2023-11,0.68632,0.0,5.0,5.0,4.0,0.0,0.0689655172413793,3.4482758620689653,False
Mount Kinabalu,2023-12,0.5989,0.0,2.0,2.0,-0.6,0.0,0.0,0.0,False
Mount Kinabalu,2024-01,0.4040333333333333,0.0,3.0,3.0,0.5,0.0,0.0086206896551724,0.4310344827586206,False
Mount Kinabalu,2024-02,0.4447,0.0,4.0,4.0,0.3333333333333332,0.0,0.0057471264367816,0.2873563218390804,False
Mount Kinabalu,2024-03,0.5882333333333333,0.0,6.0,6.0,0.5,0.0,0.0086206896551724,0.4310344827586206,False
Mount Kinabalu,2024-04,0.854875,0.0,4.0,4.0,-0.3333333333333333,0.0,0.0,0.0,False
Mount Kinabalu,2024-05,0.74718,0.0,5.0,5.0,0.25,0.0,0.0043103448275862,0.2155172413793103,False
Mount Kinabalu,2024-06,0.32275,0.25,12.0,11.0,1.2000000000000002,0.4166666666666667,0.0206896551724137,21.867816091954023,False
Mount Kinabalu,2024-07,0.38405,0.1666666666666666,12.0,12.0,0.0909090909090908,0.2777777777777778,0.0015673981191222,13.967258794845003,False
Mount Kinabalu,2024-08,0.4687875,0.0,8.0,8.0,-0.3333333333333333,0.0,0.0,0.0,False
Mount Kinabalu,2024-09,0.44545,0.0,4.0,4.0,-0.5,0.0,0.0,0.0,False
Mount Kinabalu,2024-10,0.5103444444444444,0.1111111111111111,9.0,8.0,1.0,0.1851851851851851,0.0172413793103448,10.1213282247765,False
Mount Kinabalu,2024-11,0.91248,0.0,5.0,3.0,-0.625,0.0,0.0,0.0,False
Mount Kinabalu,2024-12,0.6277,0.0,5.0,5.0,0.6666666666666667,0.0,0.0114942528735632,0.574712643678161,False
Mount Kinabalu,2025-01,0.59494,0.2,5.0,5.0,0.0,0.3333333333333333,0.0,16.666666666666668,False
Mount Kinabalu,2025-02,0.1695,0.5,4.0,4.0,-0.1999999999999999,0.8333333333333334,0.0,41.66666666666667,False
Mount Kinabalu,2025-03,0.691075,0.0,4.0,4.0,0.0,0.0,0.0,0.0,False
Mount Kinabalu,2025-04,0.0,0.0,1.0,1.0,-0.75,0.0,0.0,0.0,False
Mount Kinabalu,2025-05,0.3641666666666667,0.0,6.0,6.0,5.0,0.0,0.0862068965517241,4.310344827586207,False
Mount Kinabalu,2025-06,0.3289857142857143,0.1428571428571428,7.0,7.0,0.1666666666666667,0.238095238095238,0.0028735632183908,12.048440065681444,False
Mount Kinabalu,2025-07,0.39138,0.0,5.0,5.0,-0.2857142857142857,0.0,0.0,0.0,False
Mount Kinabalu,2025-08,0.6585444444444444,0.0,9.0,9.0,0.8,0.0,0.0137931034482758,0.6896551724137931,False
Mount Kinabalu,2025-09,0.50356,0.2,5.0,5.0,-0.4444444444444444,0.3333333333333333,0.0,16.666666666666668,False
Mount Kinabalu,2025-10,0.3929285714285714,0.1428571428571428,7.0,7.0,0.3999999999999999,0.238095238095238,0.0068965517241379,12.2495894909688,False
Mount Kinabalu,2025-11,0.4024999999999999,0.0,2.0,2.0,-0.7142857142857143,0.0,0.0,0.0,False
Mount Kinabalu,2025-12,0.5585666666666667,0.0,6.0,6.0,2.0,0.0,0.0344827586206896,1.7241379310344829,False
Mount Kinabalu,2026-01,0.4183375,0.125,8.0,8.0,0.3333333333333332,0.2083333333333333,0.0057471264367816,10.704022988505749,False
Mount Kinabalu,2026-02,0.5422428571428571,0.1428571428571428,7.0,7.0,-0.125,0.238095238095238,0.0,11.904761904761903,False
Mount Kinabalu,2026-03,0.2197153846153846,0.2307692307692307,13.0,12.0,0.7142857142857142,0.3846153846153846,0.0123152709359605,19.846532777567266,False
Mount Kinabalu,2026-04,0.2050999999999999,0.5555555555555556,9.0,7.0,-0.4166666666666666,0.925925925925926,0.0,46.29629629629631,False
Mount Kinabalu,2026-05,0.3598727272727273,0.2727272727272727,11.0,11.0,0.5714285714285714,0.4545454545454545,0.0098522167487684,23.21988356471115,False
Mount Kinabalu,2026-06,0.4149545454545454,0.2727272727272727,11.0,11.0,0.0,0.4545454545454545,0.0,22.727272727272727,False
Mount Kinabalu,2026-07,0.58416,0.0,5.0,5.0,-0.5454545454545454,0.0,0.0,0.0,False
Mount Kinabalu,2026-08,0.61465,0.125,8.0,8.0,0.6000000000000001,0.2083333333333333,0.0103448275862068,10.933908045977011,False
Mount Kinabalu,2026-09,-0.23492,0.6,5.0,5.0,-0.375,1.0,0.0,50.0,False
Penang Hill,2026-02,0.66668125,0.0625,16.0,15.0,0.0,0.1041666666666666,0.0,5.208333333333334,False
Penang Hill,2026-03,0.68918,0.0307692307692307,65.0,65.0,3.333333333333333,0.0512820512820512,0.057471264367816,5.437665782493369,False
Penang Hill,2026-04,0.55426,0.1142857142857142,35.0,32.0,-0.5076923076923077,0.1904761904761904,0.0,9.523809523809524,False
Penang Hill,2026-05,0.532709375,0.15625,32.0,30.0,-0.0625,0.2604166666666667,0.0,13.020833333333334,False
Penang Hill,2026-06,0.7196543478260871,0.0,46.0,44.0,0.4666666666666665,0.0,0.0080459770114942,0.4022988505747125,False
Penang Hill,2026-07,0.5163227272727272,0.1363636363636363,44.0,42.0,-0.0454545454545454,0.2272727272727272,0.0,11.363636363636363,False
Penang Hill,2026-08,0.4200111111111111,0.1555555555555555,45.0,41.0,-0.0238095238095238,0.2592592592592593,0.0,12.962962962962964,False
Penang Hill,2026-09,0.7511333333333333,0.0,9.0,9.0,-0.7804878048780488,0.0,0.0,0.0,False
Petronas Twin Towers,2026-08,0.5620694214876033,0.0330578512396694,121.0,116.0,0.0,0.0550964187327823,0.0,2.7548209366391188,False
Petronas Twin Towers,2026-09,0.6084592105263158,0.0657894736842105,76.0,74.0,-0.3620689655172413,0.1096491228070175,0.0,5.482456140350877,False
BOH Tea Centre (Sungei Palas Garden),2026-10,,,,,,,,0.0,True
BOH Tea Centre (Sungei Palas Garden),2026-11,,,,,,,,0.0,True
BOH Tea Centre (Sungei Palas Garden),2026-12,,,,,,,,0.0,True
Genting SkyWorlds Theme Park,2026-09,,,,,,,,3.8037753859319956,True
Genting SkyWorlds Theme Park,2026-10,,,,,,,,2.2296255369022155,True
Genting SkyWorlds Theme Park,2026-11,,,,,,,,0.6554756878724373,True
Jonker Street Night Market,2026-10,,,,,,,,15.834837038065215,True
Jonker Street Night Market,2026-11,,,,,,,,18.948718164143703,True
Jonker Street Night Market,2026-12,,,,,,,,22.06259929022219,True
Kellie's Castle,2026-10,,,,,,,,3.39143262891303,True
Kellie's Castle,2026-11,,,,,,,,0.0,True
Kellie's Castle,2026-12,,,,,,,,0.0,True
Langkawi Skybridge Cable Car,2026-10,,,,,,,,0.0,True
Langkawi Skybridge Cable Car,2026-11,,,,,,,,0.0,True
Langkawi Skybridge Cable Car,2026-12,,,,,,,,0.0,True
Mount Kinabalu,2026-10,,,,,,,,21.208849480811715,True
Mount Kinabalu,2026-11,,,,,,,,21.82524497836485,True
Mount Kinabalu,2026-12,,,,,,,,22.441640475917982,True
Penang Hill,2026-10,,,,,,,,6.922215658360976,True
Penang Hill,2026-11,,,,,,,,6.8516096893816485,True
Penang Hill,2026-12,,,,,,,,6.781003720402321,True
